{"cameraMode":{"drawMode":0,"name":"Shaded","section":"Shading Mode"},"sceneLighting":true,"audioPlay":false,"sceneViewState":{"showFog":true,"showMaterialUpdate":false,"showSkybox":true,"showFlares":true,"showImageEffects":true,"showParticleSystems":true,"showVisualEffectGraphs":true,"m_FxEnabled":true},"in2DMode":false,"pivot":{"x":-0.6270875930786133,"y":0.679534912109375,"z":-0.34838104248046877},"rotation":{"x":-0.19028520584106446,"y":-0.09203548729419708,"z":0.017921429127454759,"w":-0.9772447943687439},"size":10.275959014892579,"orthographic":false}